Journal,IF (JCR year 2024),IF (5 yr),H5-index,Publisher,Publishing Model,Subject Area (tags),Aims & Scope,Content Tags,
Academic Emergency Medicine,3.2,3.3,50,Wiley,Hybrid,"emergency medicine, Emergency Management",https://onlinelibrary.wiley.com/page/journal/15532712/homepage/productinformation.html,,
Administration & Society,2.3,3.3,39,Sage,Hybrid,"public administration, social policy, pa-policy",,,
Advances in Climate Change Research,5.2,6.4,41,KeAi Publishing,Open access,environment,,,
Advances in Public Health,1.2,2.4,24,Wiley,Open access,public health,https://onlinelibrary.wiley.com/page/journal/2714/homepage/productinformation.html,,
American Behavioral Scientist,1.5,2.6,51,Sage,Hybrid,general science,https://journals.sagepub.com/overview-metric/ABS,,
American Educational Research Journal,3.6,5.2,53,Sage,Hybrid,higher ed,,,
American Journal of Disaster Medicine,,,9,Weston Medical Publishers,Subscription,disaster medicine,,,
American Journal of Emergency Medicine,2.2,2.4,78,Elsevier,Hybrid,"emergency medicine, Emergency Management",https://www.sciencedirect.com/journal/the-american-journal-of-emergency-medicine/about/aims-and-scope,,
American Journal of Epidemiology,4.8,5.2,63,Oxford University Press,Hybrid,epidemiology,https://academic.oup.com/aje/pages/About,,
American Journal of Preventive Medicine,4.5,4.9,72,Elsevier,Open access,public health,https://www.ajpmonline.org/content/aims,,
American Journal of Public Health,9.6,10.3,87,APHA,Hybrid,public health,https://ajph.aphapublications.org/page/authors.html,"CHWs, trainings, education, core competencies",
American Journal of Undergraduate Research,,,7,independently published,Open access,higher ed,,,
Annals of Emergency Medicine,5,5.2,54,Elsevier,Hybrid,"emergency medicine, Emergency Management",https://www.annemergmed.com/content/overview,,
Annual Review of Public Health,20.7,28.4,64,Annual Reviews,Open access,public health,https://www.annualreviews.org/content/journals/publhealth,,
Archives of Public Health,3.2,3.7,51,Springer,Open access,"public health, health policy, pa-policy",https://archpublichealth.biomedcentral.com/submission-guidelines/aims-and-scope,,
Asian Journal of Environment and Disaster Management,,,,Research Publishing Services,Subscription,"environment, emergency management",,,
Australasian Journal of Disaster and Trauma Studies,,,,Massey University School of Psychology (NZ),Open access,"disaster medicine, emergency management",,,
Australian Journal of Emergency Management,,,,Australian Institute for Disaster Resilience (ADIR),Open access,"international, emergency management",,,
Behaviorial Sciences of Terrorism and Political Aggression,1.4,1.8,23,Taylor & Francis,Hybrid,international,https://www.tandfonline.com/journals/rirt20/about-this-journal#aims-and-scope,terrorism,
BMC Emergency Medicine,2.6,2.9,38,BMC (Springer),Open access,"emergency medicine, Emergency Management",https://bmcemergmed.biomedcentral.com/about,,
BMC Global and Public Health,,,12,Springer,Open access,"public health, international",https://bmcglobalpublichealth.biomedcentral.com/about,,
BMC Health Services Research,3,3.4,96,Springer,Open access,public health,https://bmchealthservres.biomedcentral.com/about#content+we+consider,,
BMC Infectious Diseases,3,3.1,89,BMC (Springer),Open access,epidemiology,https://bmcinfectdis.biomedcentral.com/about,"infectious disease, ebola, H5N1, monkeypox",
BMC Public Health,3.6,4.2,143,Springer,Open access,public health,https://bmcpublichealth.biomedcentral.com/about#content+we+consider,,
BMJ Public Health,,,11,BMJ,Open access,public health,https://bmjpublichealth.bmj.com/pages/about,,
Challenges - Journal of Planetary Health,,,,MDPI,Open access,"general science, health policy, pa-policy",,,
Climate and Development,3.4,4.7,46,Taylor & Francis,Hybrid,environment,https://www.tandfonline.com/journals/tcld20/about-this-journal#aims-and-scope,,
Climate Risk Management,5,5.4,51,Elsevier,Open access,environment,https://www.sciencedirect.com/journal/climate-risk-management/about/aims-and-scope,,
Climatic Change,4.8,5.8,82,Springer,Hybrid,environment,https://link.springer.com/journal/10584/aims-and-scope,,
College Student Affairs Journal,,,17,Southern Association for College Student Affairs,Subscription,higher ed,,,
Community Health Equity Research & Policy,1.8,1.9,20,Sage,Hybrid,"community health, health policy, pa-policy",https://journals.sagepub.com/overview-metric/QCH,,
Conflict and Health,3.4,4.1,48,BMC (Springer),Open access,international,https://conflictandhealth.biomedcentral.com/about,,
Continuity and Resilience Review,,,,Emerald,Open access,emergency management,,,
Crisis and Risk Communication,,,,Taylor & Francis,Hybrid,emergency management,,,
Critical Public Health,2.3,2.5,35,Taylor & Francis,Open access,public health,https://www.tandfonline.com/journals/ccph20/about-this-journal#aims-and-scope,,
Critical Studies on Terrorism,2.5,2.7,26,Taylor & Francis,Hybrid,international,https://www.tandfonline.com/journals/rter20/about-this-journal#aims-and-scope,terrorism,
Current Trauma Reports,2.4,1.4,.,Springer,Hybrid,emergency medicine,https://link.springer.com/journal/40719/aims-and-scope,trauma,
Disability & Society,2,3.1,52,Taylor & Francis,Hybrid,"public health, health policy, social policy, pa-policy",,,
Disaster Medicine and Public Health Preparedness,1.8,1.9,58,Cambridge University Press,Hybrid,"disaster medicine, emergency management",https://www.cambridge.org/core/journals/disaster-medicine-and-public-health-preparedness/information/about-this-journal,,
Disaster Prevention and Management,2,2,24,Emerald,Hybrid,emergency management,https://www.emeraldgrouppublishing.com/journal/dpm,,
Disaster Prevention and Resilience,,,,OAE Publishing Inc. ,Open access,emergency management,,,
Disasters,2.6,3.1,34,Wiley,Hybrid,emergency management,https://onlinelibrary.wiley.com/page/journal/14677717/homepage/productinformation.html,,
Earthquake Research Advances,,,,KeAi Publishing,Open access,emergency management,,,
Earthquake Science,4.1,2.4,18,Elsevier partner,Open access,emergency management,,,
Earthquake Spectra,3.7,4.5,49,Wiley,Hybrid,emergency management,,,
Ecology and Society,3.2,4,49,Resilience Alliance,Open access,"environment, emergency management",,,
Economics of Disasters and Climate Change,,,24,Springer,Hybrid,"environment, emergency management",,,
Educational Evaluation and Policy Analysis,2.7,3.6,41,Sage,Subscription,"higher ed, educational policy, pa-policy",,,
Educational Gerontology,1.5,1.6,26,Taylor & Francis,Hybrid,higher ed,,,
Educational Policy,1.8,2.6,38,Sage,Hybrid,"higher ed, educational policy, pa-policy",,,
Educational Researcher,4.9,7.5,61,Sage,Hybrid,higher ed,,,
Emergency and Critical Care Medicine,,,8,Lippincott,Open access,emergency medicine,https://journals.lww.com/eccm/Pages/Instructions-for-Authors.aspx,,
Emergency Management Science and Technology,,,,Maximum Academic Press,Open access,emergency management,https://www.maxapress.com/emst/aims_and_scope,,
Emergency Medicine International,0.8,1.1,22,Wiley,Open access,"emergency medicine, international",https://onlinelibrary.wiley.com/page/journal/8204/homepage/productinformation.html,,
Emergency Medicine Journal,2.7,3.1,41,BMJ,Hybrid,emergency medicine,https://emj.bmj.com/pages/about,,
Emerging Infectious Diseases,6.6,6.4,119,CDC,Open access,epidemiology,https://wwwnc.cdc.gov/eid/about,"infectious disease, H5N1",
Environment and Behavior,4.6,7,43,Sage,Hybrid,environment,https://journals.sagepub.com/overview-metric/EAB?,,
Environment and Planning B: Urban Analytics and City Science,3.1,3.8,51,Sage,Hybrid,"environment, social policy",,,
Environment and Planning C: Politics and Space,2.2,3.1,39,Sage,Hybrid,"environment, policy, public administration, government",,,
Environment and Planning D: Society and Space,2.5,4.5,37,Sage,Hybrid,"environment, social policy",,,
Environment and Planning E: Nature and Space,3.2,3.9,45,Sage,Hybrid,"environment, policy",,,
Environmental Hazards: Human and Policy Dimensions,1.7,3,30,Taylor & Francis,Hybrid,environment,https://www.tandfonline.com/journals/tenh20/about-this-journal#aims-and-scope,,
Environmental Health Perspectives,9.8,10.9,77,National Institute of Environmental Health Sciences,Open access,environment,,,
Environmental Management,3,3.5,44,Springer,Hybrid,environment,,,
Environmental Research Letters,5.6,7.2,123,IOP Publishing,Open access,environment,,,
Environmental Reviews,5.1,6,36,Canadian Science Publishing,Hybrid,environment,,,
Environmental Sociology,2.8,3.1,27,Taylor & Francis,Hybrid,environment,,,
Epidemiologic Reviews,3.8,6.3,,Oxford University Press,Open access,epidemiology,,,
Epidemiology,4.4,4.9,45,Lippincott,Hybrid,epidemiology,https://journals.lww.com/epidem/Pages/aboutthejournal.aspx,,
European Journal of Emergency Medicine,4.2,2.9,25,Lippincott,Hybrid,"emergency medicine, international",https://journals.lww.com/euro-emergencymed/Pages/aboutthejournal.aspx,,
European Journal of Risk Regulation,2.3,2.1,35,Cambridge University Press,,"international, emergency management",,,
European Journal of Trauma & Dissociation,1.9,2,25,Elsevier,Hybrid,"mental health, international, emergency medicine",https://www.sciencedirect.com/journal/european-journal-of-trauma-and-dissociation,trauma,
European Journal of Trauma and Emergency Surgery,2.2,2.4,44,Springer,Hybrid,"emergency medicine, international",https://link.springer.com/journal/68/aims-and-scope,trauma,
Eurosurveillance,7.8,6.7,110,European Centre for Disease Prevention and Control (ECDC),Open access,international,,,
Family & Community Health,1.3,1.9,16,Lippincott,Hybrid,community health,https://journals.lww.com/familyandcommunityhealth/Pages/aboutthejournal.aspx,,
Family Medicine and Community Health,4.3,7.4,29,BMJ,Open access,community health,https://fmch.bmj.com/pages/about,,
Food Safety and Risk,,,,Springer,Open access,food,https://foodsafetyandrisk.biomedcentral.com/about,,
Frontiers in Built Environment,2.7,2.9,48,Frontiers,Open access,emergency management,https://www.frontiersin.org/journals/built-environment/about,,
Frontiers in Public Health,3.4,3.8,144,Frontiers,Open access,public health,https://www.frontiersin.org/journals/public-health/about,CHWs,
Gateways: International Journal of Community Research and Engagement,0.4,0.5,,UTS ePRESS,Open access,"general science, international",https://epress.lib.uts.edu.au/journals/index.php/ijcre/about/editorialPolicies#focusAndScope,,
Geneva Risk and Insurance Review,1,1.3,,Palgrave (Springer),Hybrid,emergency management,https://www.palgrave.com/gp/journal/10713/authors/aims-scope,,
Geoenvironmental Disasters,4,5.2,31,Springer,Open access,"environment, emergency management",https://geoenvironment-disasters.springeropen.com/submission-guidelines/aims-and-scope,,
Geohazard Mechanics,,,,KeAi Publishing,Open access,"environment, emergency management",,,
GeoHazards,1.6,1.6,13,MDPI,Open access,"environment, emergency management",,,
"Geomatics, Natural Hazards and Risk",4.6,4.4,51,Taylor & Francis,Open access,"environment, emergency management",https://www.tandfonline.com/journals/tgnh20/about-this-journal#aims-and-scope,,
Georisk: Assessment and Management of Risk for Engineered Systems and Geohazards,4.8,4.5,29,Taylor & Francis,Hybrid,"environment, emergency management",https://www.tandfonline.com/journals/ngrk20/about-this-journal#aims-and-scope,,
Geo-Spatial Information Science,5.5,5.4,36,Taylor & Francis,Open access,"general science, environment",https://www.tandfonline.com/journals/tgsi20/about-this-journal#aims-and-scope,,
Global Environmental Change: Human and Policy Dimensions,9.1,11.5,96,Elsevier,Hybrid,"environment, international",https://www.sciencedirect.com/journal/global-environment-change,,
Global Public Health,2.1,2.7,50,Taylor & Francis,Open access,"public health, international",https://www.tandfonline.com/journals/rgph20/about-this-journal#aims-and-scope,,
Governance,3.1,3.8,37,Wiley,Hybrid,"government, pa-policy",,,
Health Affairs,8.1,7.8,85,Project HOPE,Hybrid,public health,https://www.healthaffairs.org/help-for-authors/journal,,
Health Communication,2.7,3.6,67,Taylor & Francis,Hybrid,public health,https://www.tandfonline.com/journals/hhth20/about-this-journal#aims-and-scope,,
Health Education & Behavior,2.1,3.4,41,Sage,Hybrid,public health,https://journals.sagepub.com/overview-metric/HEB,,
Health in Emergencies & Disasters Quarterly (HDQ),,,9,Negah University for Scientific Communication,Open access,"public health, Emergency management, international",,,
Health Policy,3.4,3.3,55,Elsevier,Hybrid,"public health, health policy, pa-policy",https://www.sciencedirect.com/journal/health-policy,international,
Health Policy and Planning,3.1,3.8,46,Oxford University Press,Open access,"public health, international, pa-policy",,,
Health Promotion International,2.4,2.8,52,Oxford University Press,Hybrid,"public health, international",https://academic.oup.com/heapro/pages/About,,
Health Promotion Practice,1.2,1.9,38,Sage,Hybrid,public health,https://journals.sagepub.com/overview-metric/HPP?,,
Health Security,1.6,2.1,33,Mary Ann Liebert,Hybrid,public health,https://home.liebertpub.com/publications/health-security/111/overview,,
Health Services Research,3.2,4.1,42,Wiley,Hybrid,public health,https://onlinelibrary.wiley.com/page/journal/14756773/homepage/productinformation.html,CHWs,
"Health, Risk and Society",1,1.5,17,Taylor & Francis,Hybrid,"public health, Emergency management",https://www.tandfonline.com/journals/chrs20/about-this-journal#aims-and-scope,,
Higher Education,4.6,5.5,83,Springer,Hybrid,higher ed,,,
Higher Education Quarterly,2.3,2.7,34,Wiley,Hybrid,higher ed,,,
Human and Ecological Risk Assessment,2.7,3.9,46,Taylor & Francis,Hybrid,"public health, environment, Emergency management",https://www.tandfonline.com/journals/bher20/about-this-journal#aims-and-scope,,
Human Settlements and Sustainability,,,,KeAI Publishing,Open access,environment,,,
"Illness, Crisis & Loss",,,18,Sage,Hybrid,mental health,https://journals.sagepub.com/overview-metric/ICL,,
Implementation Science,13.4,11.7,64,BioMed Central,Open access,general science,,,
"Infection, Disease & Health",2,2.1,23,Elsevier,Hybrid,epidemiology,https://www.sciencedirect.com/journal/infection-disease-and-health/about/aims-and-scope,,
Infectious Disease Reports,2.4,2.2,33,MDPI,Open access,epidemiology,https://www.mdpi.com/journal/idr/about,"infectious disease, ebola, H5N1, monkeypox",
Infectious Diseases,2.3,3,38,Taylor & Francis,Hybrid,epidemiology,https://www.tandfonline.com/journals/infd20/about-this-journal#aims-and-scope,,
Infectious Diseases Now,2.2,2.5,25,Elsevier,Hybrid,epidemiology,https://www.sciencedirect.com/journal/infectious-diseases-now/about/aims-and-scope,,
Innovative Higher Education,2.4,2.5,36,Springer,Hybrid,higher ed,,,
Internal and Emergency Medicine,3.8,3.3,57,Springer,Hybrid,emergency medicine,https://link.springer.com/journal/11739/aims-and-scope,,
International Journal of Business Continuity and Risk Management,,,9,Inderscience,Subscription,"international, emergency management",,,
International Journal of Climate Change Strategies and Management,3.5,4.3,33,Emerald,Open access,"environment, international",https://www.emeraldgrouppublishing.com/journal/ijccsm,,
International Journal of Crisis Communication,,,7,Green,Open access,"international, emergency management",,,
International Journal of Cyber Warfare and Terrorism,0.1,0.3,,IGI Global,Hybrid,international,https://www.igi-global.com/journal/international-journal-cyber-warfare-terrorism/1167#description,terrorism,
International Journal of Digital Earth,4.9,4.7,46,Taylor & Francis,Open access,"general science, environment, international",https://www.tandfonline.com/journals/tjde20/about-this-journal#aims-and-scope,,
International Journal of Disaster Management,,,,Universitas Syiak Kuala's Tsunami and Disaster Mitgation Research Center (Indonesia),Open access,"international, emergency management",,,
International Journal of Disaster Resilience in the Built Environment,1.1,1.5,22,Emerald,Hybrid,"environment, international, Emergency Management",https://www.emeraldgrouppublishing.com/journal/ijdrbe#journal_aims_scope,,
International Journal of Disaster Response and Emergency Management,,,,IGI Global,Hybrid,"international, emergency management",,,
International Journal of Disaster Risk Reduction,4.5,5.1,101,Elsevier,Hybrid,"international, emergency management",https://www.sciencedirect.com/journal/international-journal-of-disaster-risk-reduction/about/aims-and-scope,,
International Journal of Disaster Risk Science,4,4.8,41,Springer,Open access,"international, emergency management",https://link.springer.com/journal/13753/aims-and-scope,,
International Journal of Earthquake and Impact Engineering,,,,Inderscience,Hybrid,"international, emergency management",,,
International Journal of Emergency Management,0.6,0.9,,Inderscience,Hybrid,"international, emergency management",https://www.inderscience.com/jhome.php?jcode=ijem,,
International Journal of Emergency Medicine,2,2.2,33,BMC (Springer),Open access,"international, emergency management",https://intjem.biomedcentral.com/about,,
International Journal of Emergency Services,1.6,1.3,16,Emerald,Hybrid,"international, emergency management",https://emeraldgrouppublishing.com/journal/ijes?id=ijes,,
International Journal of Environmental Research and Public Health,,,258,MDPI,Open access,"public health, environment, international",https://www.mdpi.com/journal/ijerph/about,,Clarivate stopped indexing in 2021
International Journal of Epidemiology,5.9,8.3,86,Oxford University Press,Hybrid,"epidemiology, international",https://academic.oup.com/ije/pages/About,,
International Journal of Health Policy and Management,5.1,4.7,7,Kerman University of Medical Sciences,Open access,"public health, pa-policy, international",,,
International Journal of Health Promotion and Education,0.7,1,17,Taylor & Francis,Hybrid,"public health, international",,,
International Journal of Hygiene and Environmental Health,4.4,4.9,61,Elsevier,Open access,"public health, environment, international",,,
International Journal of Mass Emergencies and Disasters,,,,Sage,Hybrid,"disaster medicine, international, emergency medicine",,,
International Journal of Natural Disasters & Health Security,,,,SciDoc Publishers,Open access,"disaster medicine, international, emergency medicine",,,
International Journal of Preventive Medicine,1.5,2.3,34,Lippincott,Open access,"public health, international",,,
International Journal of Public Administration,2.1,2.5,48,Taylor & Francis,Hybrid,"international, public administration, pa-policy",,,
International Journal of Qualitative Methods,3.8,6.2,83,Sage,Open access,"general science, international",https://journals.sagepub.com/overview-metric/IJQ,qualitative studies,
International Journal of Risk & Safety in Medicine: Patient Safety - Pharmacovigilance - Liability,0.8,0.9,16,Sage and IOS Press,Hybrid,"international, Emergency management, public health",https://journals.sagepub.com/home/JRK,,
International Journal of Risk and Contingency Management,,,,IGI Global,Open access,"international, Emergency management",https://www.igi-global.com/journal/international-journal-risk-contingency-management/53135#description,,
International Journal of Science Education,2.3,3.3,49,Taylor & Francis,Hybrid,"general science, international",https://www.tandfonline.com/journals/tsed20/about-this-journal#aims-and-scope,"trainings, exercises, HSEEP",
International Journal of Science Education Part B: Communication and Public Engagement,1.8,1.6,20,Taylor & Francis,Hybrid,"general science, international",https://www.tandfonline.com/journals/rsed20/about-this-journal#aims-and-scope,,
International Journal of Wildland Fire,2.9,3.4,36,CSIRO,Open access,"international, Emergency management",https://www.publish.csiro.au/wf/AbouttheJournal,,
International Public Management Journal,3,3.2,32,Taylor & Francis,Hybrid,"international, government, pa-policy",,,
International Review of Administrative Sciences,2.6,3.1,39,Sage,Hybrid,"international, public administration, pa-policy",,,
Jàmbá: Journal of Disaster Risk Studies,1.7,2.1,23,AOSIS,Open access,"international, Emergency management",https://jamba.org.za/index.php/jamba/pages/view/journal-information,,
Journal of Ambulatory Care Management,1.2,1.1,14,Lippincott,Hybrid,public health,https://journals.lww.com/ambulatorycaremanagement/Pages/aboutthejournal.aspx,CHWs,
Journal of Applied Volcanology,,,,Springer,Open access,"environment, emergency management",,,
Journal of Business Continuity & Emergency Planning,,,11,Henry Stewart Publications,Subscription,emergency management,,,
Journal of Child & Adolescent Trauma,2,2.6,34,Springer,Hybrid,mental health,https://link.springer.com/journal/40653/aims-and-scope,trauma,
Journal of Climate,4,4.9,75,American Meterological Society,Hybrid,environment,,,
Journal of Climate Change,0.6,0.6,8,Cerebration Science Publishing,Open access,environment,https://cspub-jcc.org/index.php/jcc,,
Journal of Climate Change and Health,3.6,5.2,35,Elsevier,Hybrid,"disaster medicine, environment, emergency medicine",,,
Journal of Clinical Epidemiology,5.2,7.5,81,Elsevier,Hybrid,epidemiology,,,
Journal of College Student Development,1.3,2.5,34,Johns Hopkins University Press,Hybrid,higher ed,,,
Journal of Community Health,2.2,3,53,Springer,Hybrid,community health,https://link.springer.com/journal/10900/aims-and-scope,CHWs,
Journal of Community Health Nursing,0.9,1.2,12,Taylor & Francis,Hybrid,community health,https://www.tandfonline.com/journals/hchn20/about-this-journal#aims-and-scope,,Publishing group listed as predatory in Beall's list
Journal of Contingencies and Crisis Management,2.2,2.9,34,Wiley,Hybrid,emergency management,https://onlinelibrary.wiley.com/page/journal/14685973/homepage/productinformation.html,,
Journal of Disaster Research,0.7,0.8,17,Fuji Technology Press,Open access,emergency management,https://www.fujipress.jp/jdr/dr-about/,,
Journal of Disaster Studies,,,,University of Pennsylvania Press,Open access,emergency management,,,
Journal of Dynamic Disasters,,,,KeAI Publishing,Open access,emergency management,,,
"Journal of Emergencies, Trauma, and Shock",0.7,1.3,17,Lippincott,Open access,emergency medicine,https://journals.lww.com/onlinejets/pages/aboutthejournal.aspx,trauma,
Journal of Emergency and Critical Care Medicine,,,10,AME,Open access,emergency medicine,https://jeccm.amegroups.org/about,,
Journal of Emergency Management,,,14,Weston Medical Publishers,Hybrid,emergency management,,,
Journal of Emergency Medicine,1.3,1.4,38,Elsevier,Hybrid,emergency medicine,https://www.jem-journal.com/content/aims,,
Journal of Emergency Nursing,2.3,2.4,33,Elsevier,Hybrid,emergency medicine,https://www.jenonline.org/content/aims,,
Journal of Environmental Health,1,1,9,NEHA,Open access,environment,https://www.neha.org/contributors,,
Journal of Environmental Management,8.4,8.6,184,Elsevier,Hybrid,environment,https://www.sciencedirect.com/journal/journal-of-environment-management,,
Journal of Epidemiology and Community Health,3.7,4.4,64,BMJ,Hybrid,"epidemiology, community health",https://jech.bmj.com/pages/about,,
Journal of Epidemiology and Global Health,3.1,6.1,35,Springer,Hybrid,epidemiology,https://link.springer.com/journal/44197/aims-and-scope,,
Journal of Exposure Science and Environmental Epidemiology,4.7,5.4,50,Springer,Hybrid,"epidemiology, environment",,,
Journal of Extreme Events,,,,World Scientific,Open access,"environment, emergency management",,,
Journal of Flood Risk Management,3.5,3.8,42,Wiley,Open access,"environment, emergency management",https://onlinelibrary.wiley.com/page/journal/1753318x/homepage/productinformation.html,,
Journal of Geography & Natural Disasters,,,,Longdom Publishing SL,Open access,"environment, emergency management",,,
Journal of Hazard Literacy,,,,"Hazard Literacy Center, Ewha Womans University (South Korea)",Open access,"environment, emergency management",,,
Journal of Health Economics,3.6,4.1,53,Elsevier,Open access,public health,,,
"Journal of Health Politics, Policy and Law",2.8,2.6,25,Duke University Press,Subscription,"public health, health policy, pa-policy",https://read.dukeupress.edu/jhppl/pages/About,,Publishing group listed as predatory in Beall's list
Journal of Higher Education,2.4,3.7,42,Taylor & Francis,Hybrid,higher ed,,,
Journal of Homeland Security and Emergency Management,1,1,,de Gruyter,Subscription,emergency management,https://www.degruyter.com/journal/key/jhsem/html?lang=en,,
Journal of Integrated Disaster Risk Management,,,,Integrated Disaster Risk Management Society,Open access,emergency management,,,
Journal of International Crisis and Risk Communication Research ,,,7,Netherlands Press (in association with International Crisis and Risk Conference),Open access,emergency management,,,
Journal of Latin American Studies on Disaster Risk Reduction (REDER),,,,GRID-Chile,Open access,"international, Emergency management",,,
Journal of Loss and Trauma,2.1,2.1,35,Taylor & Francis,Hybrid,mental health,https://www.tandfonline.com/journals/upil20/about-this-journal#aims-and-scope,trauma,
Journal of Disaster Science and Management,,,,Japan Society for Natural Disaster Science and Korean Society of Hazard Mitigation,Open access,"environment, emergency management",,,Formerly Journal of Natural Disaster Science
Journal of Occupational Health Psychology,3.9,6.8,43,American Psychological Association (APA),Hybrid,"public health, mental health",,,
Journal of Patient Safety and Risk Management,0.7,1,16,Sage,Hybrid,"public health, Emergency management",https://journals.sagepub.com/overview-metric/CRI,,
Journal of Policy Analysis and Management,2.4,4.1,44,Wiley,Hybrid,"health policy, policy, pa-policy",,,
Journal of Primary Care and Community Health,2.5,2.7,54,Sage,Open access,"public health, community health",https://journals.sagepub.com/overview-metric/JPC,,
Journal of Public Administration Research and Theory (JPART),6.3,6.9,49,Oxford University Press,Hybrid,"public administration, policy, pa-policy",,,
Journal of Public Health,3.1,3.3,49,Oxford University Press/Springer,Hybrid,public health,https://academic.oup.com/jpubhealth/pages/About,,
Journal of Public Health and Emergency,0.7,,11,AME,Open access,"public health, Emergency management",https://jphe.amegroups.org/about,,
Journal of Public Health Management and Practice,1.9,2.1,35,Lippincott,Hybrid,public health,https://journals.lww.com/jphmp/Pages/aboutthejournal.aspx,,
Journal of Public Health Policy,1.9,2.7,30,Palgrave (Springer),Hybrid,"public health, health policy, pa-policy",https://www.palgrave.com/gp/journal/41271/authors/aims-scope,,
Journal of Public Health Research,1.8,2.1,43,Sage,Open access,public health,https://us.sagepub.com/en-us/nam/journal-of-public-health-research/journal203767#aims-and-scope,,
Journal of Public Mental Health,1.2,1.4,17,Emerald,Hybrid,mental health,https://emeraldgrouppublishing.com/journal/jpmh?id=jpmh,,
Journal of Refugee Studies,1.9,2.7,39,Oxford University Press,Hybrid,international,https://academic.oup.com/jrs/pages/About,,
Journal of Risk and Insurance,1.7,2,25,Wiley,Hybrid,emergency management,https://onlinelibrary.wiley.com/page/journal/15396975/homepage/productinformation.html,,
Journal of Risk and Uncertainty,2.3,2.8,24,Springer,Hybrid,emergency management,https://link.springer.com/journal/11166/aims-and-scope,,
Journal of Risk Research,1.7,2.9,47,Taylor & Francis,Hybrid,emergency management,https://www.tandfonline.com/journals/rjrr20/about-this-journal,,
Journal of Rural Health,2.7,4,45,Wiley,Hybrid,community health,https://onlinelibrary.wiley.com/page/journal/17480361/homepage/productinformation.html,,
Journal of Safety Science and Resilience,3.4,4.5,28,KeAI Publishing,Open access,emergency management,,,
Journal of Seismology and Earthquake Engineering,,,,International Institute of Seismology and Earthquake Engineering,Open access,"environment, emergency management",,,
Journal of Structural Engineering,3.9,4.2,57,ASCE,Hybrid,general science,https://ascelibrary.org/page/jsendh/editorialboard,,
Journal of Student Affairs Research and Practice (Formerly NASPA Journal),0.8,1.3,29,Taylor & Francis (NASPA journal),Hybrid,higher ed,,,
Journal of Trauma and Acute Care Surgery,3.7,3.5,52,Lippincott,Hybrid,emergency medicine,https://journals.lww.com/jtrauma/Pages/aboutthejournal.aspx,,
Journal of Trauma and Dissociation,2.4,3.2,29,Taylor & Francis,Hybrid,mental health,https://www.tandfonline.com/journals/wjtd20/about-this-journal,trauma,
Journal of Trauma Nursing,0.9,1.2,17,Lippincott,Hybrid,emergency medicine,https://journals.lww.com/journaloftraumanursing/Pages/aboutthejournal.aspx,trauma,
Journal of Traumatic Stress,2.3,3.8,45,Wiley,Hybrid,mental health,https://onlinelibrary.wiley.com/page/journal/15736598/homepage/productinformation.html,trauma,
Journal of Veterinary Emergency and Critical Care,1.2,1.3,22,Wiley,Hybrid,veterinary medicine,https://onlinelibrary.wiley.com/page/journal/14764431/homepage/productinformation.html,"animals, pre-vet care",
Journal of Volcanology and Geothermal Research,2.3,2.6,41,Elsevier,Hybrid,environment,,,
Landslides,7,7.5,71,Springer,Hybrid,environment,,,
Local Government Studies,1.9,2.6,34,Taylor & Francis,Hybrid,"government, pa-policy",,,
Morbidity and Mortality Weekly Report (MMWR),17.3,14.1,204,CDC,Open access,public health,,,
Natural Hazards,3.7,4,75,Springer,Hybrid,"environment, emergency management",https://link.springer.com/journal/11069/aims-and-scope,,
Natural Hazards and Earth System Sciences,4.7,4.8,59,Copernicus Publications,Open access,"environment, emergency management",https://natural-hazards-and-earth-system-sciences.net/about/aims_and_scope.html,,
Natural Hazards Research,,,28,KeAI Publishing,Open access,"environment, emergency management",,,
Natural Hazards Review,2.2,2.6,30,ASCE,Hybrid,"environment, emergency management",https://ascelibrary.org/page/nhrefo/editorialboard,,
Nature Climate Change,27.1,32.9,160,Nature Portfolio,Hybrid,environment,,,
npj Natural Hazards,,,,Springer,Open access,"environment, emergency management",,,In the Nature Portfolio Journal (npj) series
One Health,4.5,4.7,55,Elsevier,Open access,epidemiology,,,
Online Journal of Public Health Informatics,1.1,,,JMIR Publications,Open access,public health,,,
Open Access Emergency Medicine,1.5,1.9,26,Dove Medical Press,Open access,emergency medicine,https://www.dovepress.com/aims-and-scope-open-access-emergency-medicine-d39-j47,,
Pan American Journal of Public Health (PAHO),2.2,2.3,53,Pan American Health Organization,Open access,public health,,,
Policy & Politics,3.1,4.6,35,Policy Press (Bristol University),Hybrid,"policy, pa-policy",,,
Policy and Society,6.1,7.3,46,Oxford University Press,Open access,"social policy, policy, pa-policy",,,
Policy Sciences,3.7,4.4,35,Springer,Hybrid,"policy, pa-policy",,,
Policy Studies Journal,4.9,5.6,44,Wiley-Blackwell,Hybrid,"policy, pa-policy",,,
"Policy, Politics, & Nursing Practice",2.6,,19,Sage,Hybrid,"public health, health policy, pa-policy",https://journals.sagepub.com/overview-metric/PPN?,,
Population and Environment,2.5,4.1,29,Springer,Hybrid,environment,https://link.springer.com/journal/11111/aims-and-scope,,
Population Health Management,2.1,2.6,29,Mary Ann Liebert,Hybrid,public health,https://home.liebertpub.com/publications/population-health-management/301/overview,"care coordination, health care reform, health economics",
Pracademic Affairs,,,,NPS Center for Homeland Defense and Security,Online,"policy, pa-policy",,,
Prehospital and Disaster Medicine,2.5,2.6,33,Cambridge University Press,Hybrid,"disaster medicine, emergency management",https://www.cambridge.org/core/journals/prehospital-and-disaster-medicine/information/about-this-journal,,
Prehospital Emergency Care,2,2.3,37,Taylor & Francis,Hybrid,emergency medicine,https://www.tandfonline.com/journals/ipec20/about-this-journal,,
Preventing Chronic Disease,3.9,4.6,50,CDC,Open access,public health,,,
"Progress in Community Health Partnerships: Research, Education, and Action",0.6,1.3,14,Johns Hopkins University Press,Hybrid,community health,https://www.press.jhu.edu/journals/progress-community-health-partnerships-research-education-and-action,,
Progress in Disaster Science,3.8,4.6,46,Elsevier,Open access,emergency management,https://www.sciencedirect.com/journal/progress-in-disaster-science/about/aims-and-scope,,
"Psychological Trauma: Theory, Research, Practice, and Policy",2.3,3.5,80,APA,Hybrid,mental health,https://www.apa.org/pubs/journals/tra,trauma,
Public Administration Quarterly,,,14,Sage,Hybrid,"public administration, pa-policy",,,
Public Administration,5.1,5.5,51,Wiley,Hybrid,"public administration, pa-policy",,,
Public Administration and Policy,0.8,1.3,20,Emerald,Open access,"public administration, policy, pa-policy",,,
Public Administration Review (PAR),4.9,7.3,81,Wiley-Blackwell,Hybrid,"public administration, pa-policy",,,
Public Health Ethics,2,2,20,Oxford University Press,Hybrid,public health,https://academic.oup.com/phe/pages/About,,
Public Health Nursing,1.3,1.9,37,Wiley,Hybrid,public health,https://onlinelibrary.wiley.com/page/journal/15251446/homepage/productinformation.html,,
Public Health Reports,2.5,3.1,40,Sage,Hybrid,public health,https://journals.sagepub.com/overview-metric/PHR?,,
Public Health Research & Practice,3.4,3.1,23,CSIRO,Open access,public health,https://www.publish.csiro.au/pu/forauthors/Scope,,
Public Performance & Management Review,2.8,3.3,37,Taylor & Francis,Hybrid,"public administration, governance, pa-policy",,,
Research in Higher Education,2.3,3.1,41,Springer,Hybrid,higher ed,,,
Review of Educational Research,7.4,15.4,57,Sage,Subscription,higher ed,,,
Review of Higher Education,2.2,3.3,27,Johns Hopkins University Press,Subscription,higher ed,,,
Review of Public Personnel Administration,3.1,4.8,45,Sage,Hybrid,"government, pa-policy",,,
Review of Research in Education,2.4,7.8,,Sage,Subscription,higher ed,,,
Risk Analysis,3.3,4.1,57,Wiley,Hybrid,emergency management,https://onlinelibrary.wiley.com/page/journal/15396924/homepage/productinformation.html,,
Risk Management,1.7,2.2,5,Palgrave (Springer),Hybrid,emergency management,https://www.palgrave.com/gp/journal/41283/authors/aims-scope,,Listed as Risk Management - An International Journal in Clarivate JCR/IF
Risk Management and Healthcare Policy,2,2.7,63,Dove Medical Press,Open access,"Emergency management, public health, health policy, pa-policy",https://www.dovepress.com/aims-and-scope-risk-management-and-healthcare-policy-d48-j56,,
Risk Management and Insurance Review,1.4,1.5,15,Wiley,Hybrid,emergency management,https://onlinelibrary.wiley.com/page/journal/15406296/homepage/productinformation.html,,
Risk Sciences,,,,KeAI Publishing,Open access,emergency management,,,
"Risk, Hazards & Crisis in Public Policy",2,3.2,20,Wiley,Hybrid,"Emergency management, health policy, pa-policy",https://onlinelibrary.wiley.com/page/journal/19444079/homepage/productinformation.html,,
Risks,1.5,1.7,49,MDPI,Open access,emergency management,,,
Science and Public Policy,2.3,2.9,36,Oxford University Press,Hybrid,"policy, pa-policy",,,
Science of Tsunami Hazards,,,,Tsunami Society International (TSI),Open access,"environment, emergency management",,,
Seismica,,,11,McGill,Open access,environment,,,
Social Forces,2.7,4.5,44,Oxford University Press,Hybrid,"social policy, pa-policy",https://academic.oup.com/sf/pages/Instructions_To_Authors#Scope%20of%20the%20journal,,
Social Policy & Administration,2.2,2.9,40,MDPI,Open access,"social policy, pa-policy",,,
State and Local Government Review,,,15,Sage,Hybrid,"government, pa-policy",,,
Stochastic Environmental Research and Risk Assessment,3.6,3.6,52,Springer,Hybrid,environment,https://link.springer.com/journal/477/aims-and-scope,,
Studies in Conflict and Terrorism,1.6,2,38,Taylor & Francis,Hybrid,international,https://www.tandfonline.com/journals/uter20/about-this-journal#aims-and-scope,terrorism,
Studies in Higher Education,3.2,4.7,85,Routledge,Hybrid,higher ed,,,
Terrorism and Political Violence,2.1,2.4,41,Taylor & Francis,Hybrid,international,https://www.tandfonline.com/journals/ftpv20/about-this-journal#aims-and-scope,terrorism,
The Gerontologist,3.2,5.3,71,Oxford University Press,Hybrid,aging,https://academic.oup.com/gerontologist/pages/About,,
The Lancet Global Health,,,129,Elsevier,Open access,"international, vulnerable populations, epidemiology', mental health, health policy, pa-policy",https://www.sciencedirect.com/journal/the-lancet-global-health/about/aims-and-scope,,
Therapeutics and Clinical Risk Management,2.2,2.5,41,Dove Medical Press,Open access,public health,https://www.dovepress.com/aims-and-scope-therapeutics-and-clinical-risk-management-d1-j1,,
Transboundary and Emerging Diseases,3,3.4,65,Wiley,Open access,"epidemiology, international, Emergency management",https://onlinelibrary.wiley.com/page/journal/tbed/homepage/productinformation.html,,
Trauma-England,0.7,0.7,,Sage,Hybrid,emergency medicine,https://journals.sagepub.com/overview-metric/TRA?,trauma,
Traumatology,1.3,,38,American Psychological Association (APA),Subscription,emergency medicine,,,
Tropical Cyclone Research and Review,4.1,4,19,KeAI Publishing,Open access,emergency management,,,
VOLUNTAS: International Journal of Voluntary and Nonprofit Organizations,2,2.7,47,Springer,Hybrid,"government, pa-policy",,,
Weather,1.9,2,22,Wiley,Hybrid,environment,https://rmets.onlinelibrary.wiley.com/hub/journal/14778696/aims-and-scope/read-full-aims-and-scope,,
"Weather, Climate, and Society",1.9,2.3,21,AMS,Hybrid,environment,https://www.ametsoc.org/index.cfm/ams/publications/journals/weather-climate-and-society/,,
Western Journal of Emergency Medicine,2,2.6,45,WestJEM,Open access,emergency medicine,https://westjem.com/about-journal,,
WIREs Climate Change,10.3,13.6,70,Wiley,Hybrid,environment,https://wires.onlinelibrary.wiley.com/hub/journal/17577799/about/productinformation,"climate change,",
